{
    "counter": {
        "ACTIVE": 245,
        "INACTIVE": 9,
        "INVALID": 2242,
        "MALICIOUS": 0,
        "SANE": 0,
        "VALID": 0,
        "total": 2496
    },
    "percentage": {
        "ACTIVE": 9.815705128205128,
        "INACTIVE": 0.3633427533306419,
        "INVALID": 90.18503620273532,
        "MALICIOUS": 0,
        "SANE": 0,
        "VALID": 0,
        "total": 100.36408408427108
    }
}