{
    "counter": {
        "ACTIVE": 565,
        "INACTIVE": 3,
        "INVALID": 0,
        "MALICIOUS": 0,
        "SANE": 0,
        "VALID": 0,
        "total": 568
    },
    "percentage": {
        "ACTIVE": 99.47183098591549,
        "INACTIVE": 1.4705882352941178,
        "INVALID": 0,
        "MALICIOUS": 0,
        "SANE": 0,
        "VALID": 0,
        "total": 100.9424192212096
    }
}