{
    "counter": {
        "ACTIVE": 333,
        "INACTIVE": 0,
        "INVALID": 1,
        "MALICIOUS": 0,
        "SANE": 0,
        "VALID": 0,
        "total": 334
    },
    "percentage": {
        "ACTIVE": 99.7005988023952,
        "INACTIVE": 0,
        "INVALID": 0.37037037037037035,
        "MALICIOUS": 0,
        "SANE": 0,
        "VALID": 0,
        "total": 100.07096917276557
    }
}