{
    "counter": {
        "ACTIVE": 547,
        "INACTIVE": 8,
        "INVALID": 0,
        "MALICIOUS": 0,
        "SANE": 0,
        "VALID": 0,
        "total": 555
    },
    "percentage": {
        "ACTIVE": 98.55855855855856,
        "INACTIVE": 5.594405594405594,
        "INVALID": 0,
        "MALICIOUS": 0,
        "SANE": 0,
        "VALID": 0,
        "total": 104.15296415296416
    }
}