{
    "counter": {
        "ACTIVE": 535,
        "INACTIVE": 10,
        "INVALID": 0,
        "MALICIOUS": 0,
        "SANE": 0,
        "VALID": 0,
        "total": 545
    },
    "percentage": {
        "ACTIVE": 98.1651376146789,
        "INACTIVE": 66.66666666666667,
        "INVALID": 0,
        "MALICIOUS": 0,
        "SANE": 0,
        "VALID": 0,
        "total": 164.83180428134557
    }
}