{
    "counter": {
        "ACTIVE": 549,
        "INACTIVE": 16,
        "INVALID": 0,
        "MALICIOUS": 0,
        "SANE": 0,
        "VALID": 0,
        "total": 565
    },
    "percentage": {
        "ACTIVE": 97.16814159292035,
        "INACTIVE": 2.8520499108734403,
        "INVALID": 0,
        "MALICIOUS": 0,
        "SANE": 0,
        "VALID": 0,
        "total": 100.0201915037938
    }
}