{
    "counter": {
        "ACTIVE": 322,
        "INACTIVE": 0,
        "INVALID": 3,
        "MALICIOUS": 0,
        "SANE": 0,
        "VALID": 0,
        "total": 325
    },
    "percentage": {
        "ACTIVE": 99.07692307692308,
        "INACTIVE": 0,
        "INVALID": 1.1904761904761905,
        "MALICIOUS": 0,
        "SANE": 0,
        "VALID": 0,
        "total": 100.26739926739927
    }
}