{
    "counter": {
        "ACTIVE": 323,
        "INACTIVE": 0,
        "INVALID": 1,
        "MALICIOUS": 0,
        "SANE": 0,
        "VALID": 0,
        "total": 324
    },
    "percentage": {
        "ACTIVE": 99.69135802469135,
        "INACTIVE": 0,
        "INVALID": 0.9433962264150944,
        "MALICIOUS": 0,
        "SANE": 0,
        "VALID": 0,
        "total": 100.63475425110644
    }
}