{
    "counter": {
        "ACTIVE": 532,
        "INACTIVE": 1,
        "INVALID": 0,
        "MALICIOUS": 0,
        "SANE": 0,
        "VALID": 0,
        "total": 533
    },
    "percentage": {
        "ACTIVE": 99.81238273921201,
        "INACTIVE": 0.40816326530612246,
        "INVALID": 0,
        "MALICIOUS": 0,
        "SANE": 0,
        "VALID": 0,
        "total": 100.22054600451814
    }
}