{
    "counter": {
        "ACTIVE": 552,
        "INACTIVE": 2,
        "INVALID": 0,
        "MALICIOUS": 0,
        "SANE": 0,
        "VALID": 0,
        "total": 554
    },
    "percentage": {
        "ACTIVE": 99.63898916967509,
        "INACTIVE": 0.3766478342749529,
        "INVALID": 0,
        "MALICIOUS": 0,
        "SANE": 0,
        "VALID": 0,
        "total": 100.01563700395003
    }
}