{
    "counter": {
        "ACTIVE": 562,
        "INACTIVE": 1,
        "INVALID": 0,
        "MALICIOUS": 0,
        "SANE": 0,
        "VALID": 0,
        "total": 563
    },
    "percentage": {
        "ACTIVE": 99.82238010657194,
        "INACTIVE": 0.1937984496124031,
        "INVALID": 0,
        "MALICIOUS": 0,
        "SANE": 0,
        "VALID": 0,
        "total": 100.01617855618434
    }
}