{
    "counter": {
        "ACTIVE": 536,
        "INACTIVE": 14,
        "INVALID": 0,
        "MALICIOUS": 0,
        "SANE": 0,
        "VALID": 0,
        "total": 550
    },
    "percentage": {
        "ACTIVE": 97.45454545454545,
        "INACTIVE": 2.5547445255474455,
        "INVALID": 0,
        "MALICIOUS": 0,
        "SANE": 0,
        "VALID": 0,
        "total": 100.0092899800929
    }
}