{
    "counter": {
        "ACTIVE": 473,
        "INACTIVE": 0,
        "INVALID": 2,
        "MALICIOUS": 0,
        "SANE": 0,
        "VALID": 0,
        "total": 475
    },
    "percentage": {
        "ACTIVE": 99.57894736842105,
        "INACTIVE": 0,
        "INVALID": 0.6116207951070336,
        "MALICIOUS": 0,
        "SANE": 0,
        "VALID": 0,
        "total": 100.19056816352808
    }
}