{
    "counter": {
        "ACTIVE": 476,
        "INACTIVE": 0,
        "INVALID": 4,
        "MALICIOUS": 0,
        "SANE": 0,
        "VALID": 0,
        "total": 480
    },
    "percentage": {
        "ACTIVE": 99.16666666666667,
        "INACTIVE": 0,
        "INVALID": 0.9456264775413712,
        "MALICIOUS": 0,
        "SANE": 0,
        "VALID": 0,
        "total": 100.11229314420804
    }
}