{
    "counter": {
        "ACTIVE": 517,
        "INACTIVE": 16,
        "INVALID": 0,
        "MALICIOUS": 0,
        "SANE": 0,
        "VALID": 0,
        "total": 533
    },
    "percentage": {
        "ACTIVE": 97.54716981132076,
        "INACTIVE": 3.0018761726078798,
        "INVALID": 0,
        "MALICIOUS": 0,
        "SANE": 0,
        "VALID": 0,
        "total": 100.54904598392864
    }
}