{
    "counter": {
        "ACTIVE": 560,
        "INACTIVE": 1,
        "INVALID": 0,
        "MALICIOUS": 0,
        "SANE": 0,
        "VALID": 0,
        "total": 561
    },
    "percentage": {
        "ACTIVE": 99.82174688057042,
        "INACTIVE": 0.37453183520599254,
        "INVALID": 0,
        "MALICIOUS": 0,
        "SANE": 0,
        "VALID": 0,
        "total": 100.1962787157764
    }
}