{
    "counter": {
        "ACTIVE": 552,
        "INACTIVE": 7,
        "INVALID": 0,
        "MALICIOUS": 0,
        "SANE": 0,
        "VALID": 0,
        "total": 559
    },
    "percentage": {
        "ACTIVE": 98.74776386404294,
        "INACTIVE": 5.2631578947368425,
        "INVALID": 0,
        "MALICIOUS": 0,
        "SANE": 0,
        "VALID": 0,
        "total": 104.01092175877977
    }
}