{
    "counter": {
        "ACTIVE": 558,
        "INACTIVE": 4,
        "INVALID": 0,
        "MALICIOUS": 0,
        "SANE": 0,
        "VALID": 0,
        "total": 562
    },
    "percentage": {
        "ACTIVE": 99.28825622775801,
        "INACTIVE": 0.7233273056057866,
        "INVALID": 0,
        "MALICIOUS": 0,
        "SANE": 0,
        "VALID": 0,
        "total": 100.0115835333638
    }
}