{
    "counter": {
        "ACTIVE": 565,
        "INACTIVE": 3,
        "INVALID": 0,
        "MALICIOUS": 0,
        "SANE": 0,
        "VALID": 0,
        "total": 568
    },
    "percentage": {
        "ACTIVE": 99.47183098591549,
        "INACTIVE": 0.7177033492822966,
        "INVALID": 0,
        "MALICIOUS": 0,
        "SANE": 0,
        "VALID": 0,
        "total": 100.18953433519779
    }
}