{
    "counter": {
        "ACTIVE": 569,
        "INACTIVE": 3,
        "INVALID": 0,
        "MALICIOUS": 0,
        "SANE": 0,
        "VALID": 0,
        "total": 572
    },
    "percentage": {
        "ACTIVE": 99.47552447552448,
        "INACTIVE": 0.5769230769230769,
        "INVALID": 0,
        "MALICIOUS": 0,
        "SANE": 0,
        "VALID": 0,
        "total": 100.05244755244756
    }
}