{
    "counter": {
        "ACTIVE": 465,
        "INACTIVE": 0,
        "INVALID": 2,
        "MALICIOUS": 0,
        "SANE": 0,
        "VALID": 0,
        "total": 467
    },
    "percentage": {
        "ACTIVE": 99.57173447537473,
        "INACTIVE": 0,
        "INVALID": 0.5376344086021505,
        "MALICIOUS": 0,
        "SANE": 0,
        "VALID": 0,
        "total": 100.10936888397687
    }
}