{
    "counter": {
        "ACTIVE": 352,
        "INACTIVE": 0,
        "INVALID": 11,
        "MALICIOUS": 0,
        "SANE": 0,
        "VALID": 0,
        "total": 363
    },
    "percentage": {
        "ACTIVE": 96.96969696969697,
        "INACTIVE": 0,
        "INVALID": 4.119850187265918,
        "MALICIOUS": 0,
        "SANE": 0,
        "VALID": 0,
        "total": 101.08954715696288
    }
}