{
    "counter": {
        "ACTIVE": 351,
        "INACTIVE": 2,
        "INVALID": 1155,
        "MALICIOUS": 0,
        "SANE": 0,
        "VALID": 0,
        "total": 1508
    },
    "percentage": {
        "ACTIVE": 23.291307232913073,
        "INACTIVE": 0.44742729306487694,
        "INVALID": 76.59151193633953,
        "MALICIOUS": 0,
        "SANE": 0,
        "VALID": 0,
        "total": 100.33024646231748
    }
}