{
    "counter": {
        "ACTIVE": 555,
        "INACTIVE": 4,
        "INVALID": 0,
        "MALICIOUS": 0,
        "SANE": 0,
        "VALID": 0,
        "total": 559
    },
    "percentage": {
        "ACTIVE": 99.28443649373882,
        "INACTIVE": 0.7168458781362007,
        "INVALID": 0,
        "MALICIOUS": 0,
        "SANE": 0,
        "VALID": 0,
        "total": 100.00128237187502
    }
}