{
    "counter": {
        "ACTIVE": 531,
        "INACTIVE": 3,
        "INVALID": 0,
        "MALICIOUS": 0,
        "SANE": 0,
        "VALID": 0,
        "total": 534
    },
    "percentage": {
        "ACTIVE": 99.43820224719101,
        "INACTIVE": 0.6211180124223602,
        "INVALID": 0,
        "MALICIOUS": 0,
        "SANE": 0,
        "VALID": 0,
        "total": 100.05932025961337
    }
}