{
    "counter": {
        "ACTIVE": 557,
        "INACTIVE": 1,
        "INVALID": 0,
        "MALICIOUS": 0,
        "SANE": 0,
        "VALID": 0,
        "total": 558
    },
    "percentage": {
        "ACTIVE": 99.82078853046595,
        "INACTIVE": 0.36231884057971014,
        "INVALID": 0,
        "MALICIOUS": 0,
        "SANE": 0,
        "VALID": 0,
        "total": 100.18310737104565
    }
}