{
    "counter": {
        "ACTIVE": 474,
        "INACTIVE": 4,
        "INVALID": 1178,
        "MALICIOUS": 0,
        "SANE": 0,
        "VALID": 0,
        "total": 1656
    },
    "percentage": {
        "ACTIVE": 28.6231884057971,
        "INACTIVE": 0.24524831391784183,
        "INVALID": 72.04892966360856,
        "MALICIOUS": 0,
        "SANE": 0,
        "VALID": 0,
        "total": 100.9173663833235
    }
}