{
    "counter": {
        "ACTIVE": 550,
        "INACTIVE": 2,
        "INVALID": 0,
        "MALICIOUS": 0,
        "SANE": 0,
        "VALID": 0,
        "total": 552
    },
    "percentage": {
        "ACTIVE": 99.6376811594203,
        "INACTIVE": 0.819672131147541,
        "INVALID": 0,
        "MALICIOUS": 0,
        "SANE": 0,
        "VALID": 0,
        "total": 100.45735329056784
    }
}