{
    "counter": {
        "ACTIVE": 560,
        "INACTIVE": 4,
        "INVALID": 0,
        "MALICIOUS": 0,
        "SANE": 0,
        "VALID": 0,
        "total": 564
    },
    "percentage": {
        "ACTIVE": 99.29078014184397,
        "INACTIVE": 5.128205128205129,
        "INVALID": 0,
        "MALICIOUS": 0,
        "SANE": 0,
        "VALID": 0,
        "total": 104.41898527004909
    }
}