{
    "counter": {
        "ACTIVE": 556,
        "INACTIVE": 2,
        "INVALID": 0,
        "MALICIOUS": 0,
        "SANE": 0,
        "VALID": 0,
        "total": 558
    },
    "percentage": {
        "ACTIVE": 99.6415770609319,
        "INACTIVE": 0.8097165991902834,
        "INVALID": 0,
        "MALICIOUS": 0,
        "SANE": 0,
        "VALID": 0,
        "total": 100.45129366012218
    }
}