{
    "counter": {
        "ACTIVE": 563,
        "INACTIVE": 1,
        "INVALID": 0,
        "MALICIOUS": 0,
        "SANE": 0,
        "VALID": 0,
        "total": 564
    },
    "percentage": {
        "ACTIVE": 99.822695035461,
        "INACTIVE": 0.3875968992248062,
        "INVALID": 0,
        "MALICIOUS": 0,
        "SANE": 0,
        "VALID": 0,
        "total": 100.2102919346858
    }
}