{
    "counter": {
        "ACTIVE": 559,
        "INACTIVE": 1,
        "INVALID": 0,
        "MALICIOUS": 0,
        "SANE": 0,
        "VALID": 0,
        "total": 560
    },
    "percentage": {
        "ACTIVE": 99.82142857142857,
        "INACTIVE": 0.8547008547008547,
        "INVALID": 0,
        "MALICIOUS": 0,
        "SANE": 0,
        "VALID": 0,
        "total": 100.67612942612942
    }
}