{
    "counter": {
        "ACTIVE": 332,
        "INACTIVE": 0,
        "INVALID": 3,
        "MALICIOUS": 0,
        "SANE": 0,
        "VALID": 0,
        "total": 335
    },
    "percentage": {
        "ACTIVE": 99.1044776119403,
        "INACTIVE": 0,
        "INVALID": 1.1494252873563218,
        "MALICIOUS": 0,
        "SANE": 0,
        "VALID": 0,
        "total": 100.25390289929662
    }
}