{
    "counter": {
        "ACTIVE": 543,
        "INACTIVE": 1,
        "INVALID": 0,
        "MALICIOUS": 0,
        "SANE": 0,
        "VALID": 0,
        "total": 544
    },
    "percentage": {
        "ACTIVE": 99.81617647058823,
        "INACTIVE": 0.2183406113537118,
        "INVALID": 0,
        "MALICIOUS": 0,
        "SANE": 0,
        "VALID": 0,
        "total": 100.03451708194194
    }
}