{
    "counter": {
        "ACTIVE": 561,
        "INACTIVE": 4,
        "INVALID": 0,
        "MALICIOUS": 0,
        "SANE": 0,
        "VALID": 0,
        "total": 565
    },
    "percentage": {
        "ACTIVE": 99.64476021314387,
        "INACTIVE": 0.7079646017699115,
        "INVALID": 0,
        "MALICIOUS": 0,
        "SANE": 0,
        "VALID": 0,
        "total": 100.35272481491378
    }
}