{
    "counter": {
        "ACTIVE": 531,
        "INACTIVE": 1,
        "INVALID": 0,
        "MALICIOUS": 0,
        "SANE": 0,
        "VALID": 0,
        "total": 532
    },
    "percentage": {
        "ACTIVE": 99.81203007518798,
        "INACTIVE": 0.591715976331361,
        "INVALID": 0,
        "MALICIOUS": 0,
        "SANE": 0,
        "VALID": 0,
        "total": 100.40374605151933
    }
}