{
    "counter": {
        "ACTIVE": 806,
        "INACTIVE": 62,
        "INVALID": 0,
        "MALICIOUS": 0,
        "SANE": 0,
        "VALID": 0,
        "total": 868
    },
    "percentage": {
        "ACTIVE": 92.85714285714286,
        "INACTIVE": 7.159353348729792,
        "INVALID": 0,
        "MALICIOUS": 0,
        "SANE": 0,
        "VALID": 0,
        "total": 100.01649620587266
    }
}