{
    "counter": {
        "ACTIVE": 804,
        "INACTIVE": 2,
        "INVALID": 0,
        "MALICIOUS": 0,
        "SANE": 0,
        "VALID": 0,
        "total": 806
    },
    "percentage": {
        "ACTIVE": 99.75186104218362,
        "INACTIVE": 0.5390835579514824,
        "INVALID": 0,
        "MALICIOUS": 0,
        "SANE": 0,
        "VALID": 0,
        "total": 100.2909446001351
    }
}