{
    "counter": {
        "ACTIVE": 471,
        "INACTIVE": 0,
        "INVALID": 5,
        "MALICIOUS": 0,
        "SANE": 0,
        "VALID": 0,
        "total": 476
    },
    "percentage": {
        "ACTIVE": 98.94957983193277,
        "INACTIVE": 0,
        "INVALID": 1.1737089201877935,
        "MALICIOUS": 0,
        "SANE": 0,
        "VALID": 0,
        "total": 100.12328875212056
    }
}