{
    "counter": {
        "ACTIVE": 553,
        "INACTIVE": 2,
        "INVALID": 0,
        "MALICIOUS": 0,
        "SANE": 0,
        "VALID": 0,
        "total": 555
    },
    "percentage": {
        "ACTIVE": 99.63963963963964,
        "INACTIVE": 0.36101083032490977,
        "INVALID": 0,
        "MALICIOUS": 0,
        "SANE": 0,
        "VALID": 0,
        "total": 100.00065046996455
    }
}