{
    "counter": {
        "ACTIVE": 522,
        "INACTIVE": 30,
        "INVALID": 0,
        "MALICIOUS": 0,
        "SANE": 0,
        "VALID": 0,
        "total": 552
    },
    "percentage": {
        "ACTIVE": 94.56521739130434,
        "INACTIVE": 7.009345794392523,
        "INVALID": 0,
        "MALICIOUS": 0,
        "SANE": 0,
        "VALID": 0,
        "total": 101.57456318569686
    }
}