{
    "counter": {
        "ACTIVE": 547,
        "INACTIVE": 1,
        "INVALID": 0,
        "MALICIOUS": 0,
        "SANE": 0,
        "VALID": 0,
        "total": 548
    },
    "percentage": {
        "ACTIVE": 99.81751824817518,
        "INACTIVE": 0.20080321285140562,
        "INVALID": 0,
        "MALICIOUS": 0,
        "SANE": 0,
        "VALID": 0,
        "total": 100.01832146102659
    }
}