{
    "counter": {
        "ACTIVE": 544,
        "INACTIVE": 17,
        "INVALID": 0,
        "MALICIOUS": 0,
        "SANE": 0,
        "VALID": 0,
        "total": 561
    },
    "percentage": {
        "ACTIVE": 96.96969696969697,
        "INACTIVE": 3.041144901610018,
        "INVALID": 0,
        "MALICIOUS": 0,
        "SANE": 0,
        "VALID": 0,
        "total": 100.01084187130698
    }
}