{
    "counter": {
        "ACTIVE": 325,
        "INACTIVE": 0,
        "INVALID": 2,
        "MALICIOUS": 0,
        "SANE": 0,
        "VALID": 0,
        "total": 327
    },
    "percentage": {
        "ACTIVE": 99.38837920489297,
        "INACTIVE": 0,
        "INVALID": 1.0416666666666667,
        "MALICIOUS": 0,
        "SANE": 0,
        "VALID": 0,
        "total": 100.43004587155964
    }
}