{
    "counter": {
        "ACTIVE": 542,
        "INACTIVE": 14,
        "INVALID": 0,
        "MALICIOUS": 0,
        "SANE": 0,
        "VALID": 0,
        "total": 556
    },
    "percentage": {
        "ACTIVE": 97.4820143884892,
        "INACTIVE": 2.587800369685767,
        "INVALID": 0,
        "MALICIOUS": 0,
        "SANE": 0,
        "VALID": 0,
        "total": 100.06981475817497
    }
}