{
    "counter": {
        "ACTIVE": 551,
        "INACTIVE": 1,
        "INVALID": 0,
        "MALICIOUS": 0,
        "SANE": 0,
        "VALID": 0,
        "total": 552
    },
    "percentage": {
        "ACTIVE": 99.81884057971014,
        "INACTIVE": 0.25906735751295334,
        "INVALID": 0,
        "MALICIOUS": 0,
        "SANE": 0,
        "VALID": 0,
        "total": 100.07790793722309
    }
}