{
    "counter": {
        "ACTIVE": 481,
        "INACTIVE": 0,
        "INVALID": 17,
        "MALICIOUS": 0,
        "SANE": 0,
        "VALID": 0,
        "total": 498
    },
    "percentage": {
        "ACTIVE": 96.5863453815261,
        "INACTIVE": 0,
        "INVALID": 3.624733475479744,
        "MALICIOUS": 0,
        "SANE": 0,
        "VALID": 0,
        "total": 100.21107885700584
    }
}