{
    "counter": {
        "ACTIVE": 301,
        "INACTIVE": 27,
        "INVALID": 1765,
        "MALICIOUS": 0,
        "SANE": 0,
        "VALID": 0,
        "total": 2093
    },
    "percentage": {
        "ACTIVE": 14.381270903010034,
        "INACTIVE": 1.2906309751434035,
        "INVALID": 84.571154767609,
        "MALICIOUS": 0,
        "SANE": 0,
        "VALID": 0,
        "total": 100.24305664576244
    }
}