{
    "counter": {
        "ACTIVE": 328,
        "INACTIVE": 1,
        "INVALID": 4,
        "MALICIOUS": 0,
        "SANE": 0,
        "VALID": 0,
        "total": 333
    },
    "percentage": {
        "ACTIVE": 98.49849849849849,
        "INACTIVE": 0.3424657534246575,
        "INVALID": 1.5151515151515151,
        "MALICIOUS": 0,
        "SANE": 0,
        "VALID": 0,
        "total": 100.35611576707467
    }
}