{
    "counter": {
        "ACTIVE": 546,
        "INACTIVE": 4,
        "INVALID": 0,
        "MALICIOUS": 0,
        "SANE": 0,
        "VALID": 0,
        "total": 550
    },
    "percentage": {
        "ACTIVE": 99.4535519125683,
        "INACTIVE": 0.7272727272727273,
        "INVALID": 0,
        "MALICIOUS": 0,
        "SANE": 0,
        "VALID": 0,
        "total": 100.18082463984103
    }
}