{
    "counter": {
        "ACTIVE": 573,
        "INACTIVE": 11,
        "INVALID": 0,
        "MALICIOUS": 0,
        "SANE": 0,
        "VALID": 0,
        "total": 584
    },
    "percentage": {
        "ACTIVE": 98.11643835616438,
        "INACTIVE": 2.099236641221374,
        "INVALID": 0,
        "MALICIOUS": 0,
        "SANE": 0,
        "VALID": 0,
        "total": 100.21567499738575
    }
}