{
    "counter": {
        "ACTIVE": 469,
        "INACTIVE": 0,
        "INVALID": 7,
        "MALICIOUS": 0,
        "SANE": 0,
        "VALID": 0,
        "total": 476
    },
    "percentage": {
        "ACTIVE": 98.52941176470588,
        "INACTIVE": 0,
        "INVALID": 1.8181818181818181,
        "MALICIOUS": 0,
        "SANE": 0,
        "VALID": 0,
        "total": 100.3475935828877
    }
}