{
    "counter": {
        "ACTIVE": 550,
        "INACTIVE": 4,
        "INVALID": 0,
        "MALICIOUS": 0,
        "SANE": 0,
        "VALID": 0,
        "total": 554
    },
    "percentage": {
        "ACTIVE": 99.27797833935018,
        "INACTIVE": 1.492537313432836,
        "INVALID": 0,
        "MALICIOUS": 0,
        "SANE": 0,
        "VALID": 0,
        "total": 100.77051565278302
    }
}