{
    "counter": {
        "ACTIVE": 548,
        "INACTIVE": 1,
        "INVALID": 0,
        "MALICIOUS": 0,
        "SANE": 0,
        "VALID": 0,
        "total": 549
    },
    "percentage": {
        "ACTIVE": 99.81785063752277,
        "INACTIVE": 0.18281535648994515,
        "INVALID": 0,
        "MALICIOUS": 0,
        "SANE": 0,
        "VALID": 0,
        "total": 100.0006659940127
    }
}