{
    "counter": {
        "ACTIVE": 4,
        "INACTIVE": 5,
        "INVALID": 867,
        "MALICIOUS": 0,
        "SANE": 0,
        "VALID": 0,
        "total": 876
    },
    "percentage": {
        "ACTIVE": 0.46511627906976744,
        "INACTIVE": 0.5720823798627003,
        "INVALID": 98.97260273972603,
        "MALICIOUS": 0,
        "SANE": 0,
        "VALID": 0,
        "total": 100.0098013986585
    }
}