{
    "counter": {
        "ACTIVE": 599,
        "INACTIVE": 5,
        "INVALID": 0,
        "MALICIOUS": 0,
        "SANE": 0,
        "VALID": 0,
        "total": 604
    },
    "percentage": {
        "ACTIVE": 99.17218543046357,
        "INACTIVE": 0.9823182711198428,
        "INVALID": 0,
        "MALICIOUS": 0,
        "SANE": 0,
        "VALID": 0,
        "total": 100.15450370158341
    }
}