{
    "counter": {
        "ACTIVE": 347,
        "INACTIVE": 0,
        "INVALID": 1,
        "MALICIOUS": 0,
        "SANE": 0,
        "VALID": 0,
        "total": 348
    },
    "percentage": {
        "ACTIVE": 99.71264367816092,
        "INACTIVE": 0,
        "INVALID": 0.4854368932038835,
        "MALICIOUS": 0,
        "SANE": 0,
        "VALID": 0,
        "total": 100.1980805713648
    }
}