{
    "counter": {
        "ACTIVE": 553,
        "INACTIVE": 18,
        "INVALID": 0,
        "MALICIOUS": 0,
        "SANE": 0,
        "VALID": 0,
        "total": 571
    },
    "percentage": {
        "ACTIVE": 96.84763572679509,
        "INACTIVE": 3.1578947368421053,
        "INVALID": 0,
        "MALICIOUS": 0,
        "SANE": 0,
        "VALID": 0,
        "total": 100.0055304636372
    }
}