{
    "counter": {
        "ACTIVE": 593,
        "INACTIVE": 5,
        "INVALID": 0,
        "MALICIOUS": 0,
        "SANE": 0,
        "VALID": 0,
        "total": 598
    },
    "percentage": {
        "ACTIVE": 99.1638795986622,
        "INACTIVE": 0.9174311926605505,
        "INVALID": 0,
        "MALICIOUS": 0,
        "SANE": 0,
        "VALID": 0,
        "total": 100.08131079132275
    }
}