{
    "counter": {
        "ACTIVE": 554,
        "INACTIVE": 3,
        "INVALID": 0,
        "MALICIOUS": 0,
        "SANE": 0,
        "VALID": 0,
        "total": 557
    },
    "percentage": {
        "ACTIVE": 99.46140035906643,
        "INACTIVE": 0.5545286506469501,
        "INVALID": 0,
        "MALICIOUS": 0,
        "SANE": 0,
        "VALID": 0,
        "total": 100.01592900971337
    }
}