{
    "counter": {
        "ACTIVE": 316,
        "INACTIVE": 0,
        "INVALID": 2,
        "MALICIOUS": 0,
        "SANE": 0,
        "VALID": 0,
        "total": 318
    },
    "percentage": {
        "ACTIVE": 99.37106918238993,
        "INACTIVE": 0,
        "INVALID": 0.9345794392523364,
        "MALICIOUS": 0,
        "SANE": 0,
        "VALID": 0,
        "total": 100.30564862164226
    }
}