{
    "counter": {
        "ACTIVE": 357,
        "INACTIVE": 0,
        "INVALID": 4,
        "MALICIOUS": 0,
        "SANE": 0,
        "VALID": 0,
        "total": 361
    },
    "percentage": {
        "ACTIVE": 98.89196675900277,
        "INACTIVE": 0,
        "INVALID": 1.342281879194631,
        "MALICIOUS": 0,
        "SANE": 0,
        "VALID": 0,
        "total": 100.2342486381974
    }
}