{
    "counter": {
        "ACTIVE": 323,
        "INACTIVE": 0,
        "INVALID": 1,
        "MALICIOUS": 0,
        "SANE": 0,
        "VALID": 0,
        "total": 324
    },
    "percentage": {
        "ACTIVE": 99.69135802469135,
        "INACTIVE": 0,
        "INVALID": 0.5555555555555556,
        "MALICIOUS": 0,
        "SANE": 0,
        "VALID": 0,
        "total": 100.24691358024691
    }
}