{
    "counter": {
        "ACTIVE": 570,
        "INACTIVE": 3,
        "INVALID": 0,
        "MALICIOUS": 0,
        "SANE": 0,
        "VALID": 0,
        "total": 573
    },
    "percentage": {
        "ACTIVE": 99.47643979057591,
        "INACTIVE": 0.9174311926605505,
        "INVALID": 0,
        "MALICIOUS": 0,
        "SANE": 0,
        "VALID": 0,
        "total": 100.39387098323645
    }
}