{
    "counter": {
        "ACTIVE": 545,
        "INACTIVE": 7,
        "INVALID": 0,
        "MALICIOUS": 0,
        "SANE": 0,
        "VALID": 0,
        "total": 552
    },
    "percentage": {
        "ACTIVE": 98.73188405797102,
        "INACTIVE": 1.2704174228675136,
        "INVALID": 0,
        "MALICIOUS": 0,
        "SANE": 0,
        "VALID": 0,
        "total": 100.00230148083853
    }
}