{
    "counter": {
        "ACTIVE": 475,
        "INACTIVE": 0,
        "INVALID": 7,
        "MALICIOUS": 0,
        "SANE": 0,
        "VALID": 0,
        "total": 482
    },
    "percentage": {
        "ACTIVE": 98.54771784232365,
        "INACTIVE": 0,
        "INVALID": 1.4553014553014554,
        "MALICIOUS": 0,
        "SANE": 0,
        "VALID": 0,
        "total": 100.0030192976251
    }
}