{
    "counter": {
        "ACTIVE": 324,
        "INACTIVE": 0,
        "INVALID": 13,
        "MALICIOUS": 0,
        "SANE": 0,
        "VALID": 0,
        "total": 337
    },
    "percentage": {
        "ACTIVE": 96.14243323442136,
        "INACTIVE": 0,
        "INVALID": 4.659498207885305,
        "MALICIOUS": 0,
        "SANE": 0,
        "VALID": 0,
        "total": 100.80193144230667
    }
}