{
    "counter": {
        "ACTIVE": 534,
        "INACTIVE": 1,
        "INVALID": 0,
        "MALICIOUS": 0,
        "SANE": 0,
        "VALID": 0,
        "total": 535
    },
    "percentage": {
        "ACTIVE": 99.81308411214954,
        "INACTIVE": 0.19157088122605365,
        "INVALID": 0,
        "MALICIOUS": 0,
        "SANE": 0,
        "VALID": 0,
        "total": 100.0046549933756
    }
}