{
    "counter": {
        "ACTIVE": 544,
        "INACTIVE": 7,
        "INVALID": 0,
        "MALICIOUS": 0,
        "SANE": 0,
        "VALID": 0,
        "total": 551
    },
    "percentage": {
        "ACTIVE": 98.72958257713249,
        "INACTIVE": 13.72549019607843,
        "INVALID": 0,
        "MALICIOUS": 0,
        "SANE": 0,
        "VALID": 0,
        "total": 112.45507277321092
    }
}