{
    "counter": {
        "ACTIVE": 547,
        "INACTIVE": 4,
        "INVALID": 0,
        "MALICIOUS": 0,
        "SANE": 0,
        "VALID": 0,
        "total": 551
    },
    "percentage": {
        "ACTIVE": 99.27404718693285,
        "INACTIVE": 0.9302325581395349,
        "INVALID": 0,
        "MALICIOUS": 0,
        "SANE": 0,
        "VALID": 0,
        "total": 100.20427974507238
    }
}