{
    "counter": {
        "ACTIVE": 567,
        "INACTIVE": 2,
        "INVALID": 0,
        "MALICIOUS": 0,
        "SANE": 0,
        "VALID": 0,
        "total": 569
    },
    "percentage": {
        "ACTIVE": 99.64850615114236,
        "INACTIVE": 0.468384074941452,
        "INVALID": 0,
        "MALICIOUS": 0,
        "SANE": 0,
        "VALID": 0,
        "total": 100.11689022608381
    }
}