{
    "counter": {
        "ACTIVE": 316,
        "INACTIVE": 0,
        "INVALID": 2,
        "MALICIOUS": 0,
        "SANE": 0,
        "VALID": 0,
        "total": 318
    },
    "percentage": {
        "ACTIVE": 99.37106918238993,
        "INACTIVE": 0,
        "INVALID": 0.7604562737642585,
        "MALICIOUS": 0,
        "SANE": 0,
        "VALID": 0,
        "total": 100.1315254561542
    }
}