{
    "counter": {
        "ACTIVE": 548,
        "INACTIVE": 6,
        "INVALID": 0,
        "MALICIOUS": 0,
        "SANE": 0,
        "VALID": 0,
        "total": 554
    },
    "percentage": {
        "ACTIVE": 98.91696750902527,
        "INACTIVE": 1.1029411764705883,
        "INVALID": 0,
        "MALICIOUS": 0,
        "SANE": 0,
        "VALID": 0,
        "total": 100.01990868549586
    }
}