{
    "counter": {
        "ACTIVE": 543,
        "INACTIVE": 7,
        "INVALID": 0,
        "MALICIOUS": 0,
        "SANE": 0,
        "VALID": 0,
        "total": 550
    },
    "percentage": {
        "ACTIVE": 98.72727272727273,
        "INACTIVE": 12.962962962962964,
        "INVALID": 0,
        "MALICIOUS": 0,
        "SANE": 0,
        "VALID": 0,
        "total": 111.6902356902357
    }
}