{
    "counter": {
        "ACTIVE": 564,
        "INACTIVE": 1,
        "INVALID": 0,
        "MALICIOUS": 0,
        "SANE": 0,
        "VALID": 0,
        "total": 565
    },
    "percentage": {
        "ACTIVE": 99.82300884955752,
        "INACTIVE": 0.6060606060606061,
        "INVALID": 0,
        "MALICIOUS": 0,
        "SANE": 0,
        "VALID": 0,
        "total": 100.42906945561813
    }
}