{
    "counter": {
        "ACTIVE": 554,
        "INACTIVE": 8,
        "INVALID": 0,
        "MALICIOUS": 0,
        "SANE": 0,
        "VALID": 0,
        "total": 562
    },
    "percentage": {
        "ACTIVE": 98.57651245551601,
        "INACTIVE": 1.4814814814814814,
        "INVALID": 0,
        "MALICIOUS": 0,
        "SANE": 0,
        "VALID": 0,
        "total": 100.05799393699749
    }
}