{
    "counter": {
        "CBN Registrar": 3,
        "CV. JOGJACAMP": 2,
        "CV. Rumahweb Indonesia": 2,
        "Digital Registra": 7,
        "GMO Internet, Inc. d/b/a Onamae.com": 1,
        "GoDaddy.com, LLC": 6,
        "Hostinger, UAB": 3,
        "INDOREG": 1,
        "Jagat Informasi Solusi (int)": 1,
        "Kilat Domain": 1,
        "NameCheap, Inc.": 4,
        "Network Solutions, LLC": 1,
        "OnlineNIC, Inc.": 1,
        "PDR Ltd. d/b/a PublicDomainRegistry.com": 2,
        "PT Awan Kilat Semesta": 1,
        "PT Registrasi Nama Domain": 2,
        "ResellerCamp": 1,
        "Web Commerce Communications Limited dba WebNic.cc": 2,
        "Wild West Domains, LLC": 1,
        "total": 42
    },
    "percentage": {
        "CBN Registrar": 7.142857142857143,
        "CV. JOGJACAMP": 4.761904761904762,
        "CV. Rumahweb Indonesia": 4.761904761904762,
        "Digital Registra": 16.666666666666668,
        "GMO Internet, Inc. d/b/a Onamae.com": 2.380952380952381,
        "GoDaddy.com, LLC": 14.285714285714286,
        "Hostinger, UAB": 7.142857142857143,
        "INDOREG": 2.380952380952381,
        "Jagat Informasi Solusi (int)": 2.380952380952381,
        "Kilat Domain": 2.380952380952381,
        "NameCheap, Inc.": 9.523809523809524,
        "Network Solutions, LLC": 2.380952380952381,
        "OnlineNIC, Inc.": 2.380952380952381,
        "PDR Ltd. d/b/a PublicDomainRegistry.com": 4.761904761904762,
        "PT Awan Kilat Semesta": 2.380952380952381,
        "PT Registrasi Nama Domain": 4.761904761904762,
        "ResellerCamp": 2.380952380952381,
        "Web Commerce Communications Limited dba WebNic.cc": 4.761904761904762,
        "Wild West Domains, LLC": 2.380952380952381,
        "total": 99.99999999999999
    }
}