{
    "counter": {
        "CV Jogjacamp": 1,
        "Hostinger, UAB": 1,
        "NameCheap, Inc.": 3,
        "Web Commerce Communications Limited dba WebNic.cc": 1,
        "Web Commerce Communications Ltd": 1,
        "total": 7
    },
    "percentage": {
        "CV Jogjacamp": 14.285714285714286,
        "Hostinger, UAB": 14.285714285714286,
        "NameCheap, Inc.": 42.857142857142854,
        "Web Commerce Communications Limited dba WebNic.cc": 14.285714285714286,
        "Web Commerce Communications Ltd": 14.285714285714286,
        "total": 100.00000000000001
    }
}