{
    "counter": {
        "CV. JOGJACAMP": 9,
        "CV. Rumahweb Indonesia": 7,
        "CloudFlare, Inc.": 2,
        "DYNADOT, LLC": 1,
        "Digital Registra": 11,
        "Domain.com, LLC": 5,
        "EPAG Domainservices GmbH": 2,
        "Gandi SAS": 1,
        "GoDaddy.com, LLC": 5,
        "Hostinger, UAB": 6,
        "Jagat Informasi Solusi (int)": 1,
        "Kilat Domain": 1,
        "NameCheap, Inc.": 4,
        "NameSilo, LLC": 2,
        "Network Solutions, LLC": 1,
        "PDR Ltd. d/b/a PublicDomainRegistry.com": 9,
        "PT Aksara Data Digital": 5,
        "PT Awan Kilat Semesta": 1,
        "PT Registrasi Nama Domain": 5,
        "Register.com, Inc.": 1,
        "ResellerCamp": 3,
        "TLD Registrar Solutions Ltd.": 1,
        "Tucows Domains Inc.": 3,
        "Web Commerce Communications Limited dba WebNic.cc": 6,
        "easyDNS Technologies Inc.": 1,
        "total": 93
    },
    "percentage": {
        "CV. JOGJACAMP": 9.67741935483871,
        "CV. Rumahweb Indonesia": 7.526881720430108,
        "CloudFlare, Inc.": 2.150537634408602,
        "DYNADOT, LLC": 1.075268817204301,
        "Digital Registra": 11.827956989247312,
        "Domain.com, LLC": 5.376344086021505,
        "EPAG Domainservices GmbH": 2.150537634408602,
        "Gandi SAS": 1.075268817204301,
        "GoDaddy.com, LLC": 5.376344086021505,
        "Hostinger, UAB": 6.451612903225806,
        "Jagat Informasi Solusi (int)": 1.075268817204301,
        "Kilat Domain": 1.075268817204301,
        "NameCheap, Inc.": 4.301075268817204,
        "NameSilo, LLC": 2.150537634408602,
        "Network Solutions, LLC": 1.075268817204301,
        "PDR Ltd. d/b/a PublicDomainRegistry.com": 9.67741935483871,
        "PT Aksara Data Digital": 5.376344086021505,
        "PT Awan Kilat Semesta": 1.075268817204301,
        "PT Registrasi Nama Domain": 5.376344086021505,
        "Register.com, Inc.": 1.075268817204301,
        "ResellerCamp": 3.225806451612903,
        "TLD Registrar Solutions Ltd.": 1.075268817204301,
        "Tucows Domains Inc.": 3.225806451612903,
        "Web Commerce Communications Limited dba WebNic.cc": 6.451612903225806,
        "easyDNS Technologies Inc.": 1.075268817204301,
        "total": 100.0
    }
}