{
    "counter": {
        "CBN Registrar": 3,
        "CV. JOGJACAMP": 3,
        "CV. Rumahweb Indonesia": 2,
        "Digital Registra": 7,
        "GMO Internet, Inc. d/b/a Onamae.com": 1,
        "GoDaddy.com, LLC": 6,
        "Hostinger, UAB": 2,
        "INDOREG": 1,
        "Jagat Informasi Solusi (int)": 2,
        "Kilat Domain": 1,
        "NameCheap, Inc.": 5,
        "Network Solutions, LLC": 1,
        "OnlineNIC, Inc.": 1,
        "PDR Ltd. d/b/a PublicDomainRegistry.com": 2,
        "PT Awan Kilat Semesta": 1,
        "PT Registrasi Nama Domain": 2,
        "ResellerCamp": 1,
        "Web Commerce Communications Limited dba WebNic.cc": 2,
        "Wild West Domains, LLC": 1,
        "total": 44
    },
    "percentage": {
        "CBN Registrar": 6.818181818181818,
        "CV. JOGJACAMP": 6.818181818181818,
        "CV. Rumahweb Indonesia": 4.545454545454546,
        "Digital Registra": 15.909090909090908,
        "GMO Internet, Inc. d/b/a Onamae.com": 2.272727272727273,
        "GoDaddy.com, LLC": 13.636363636363637,
        "Hostinger, UAB": 4.545454545454546,
        "INDOREG": 2.272727272727273,
        "Jagat Informasi Solusi (int)": 4.545454545454546,
        "Kilat Domain": 2.272727272727273,
        "NameCheap, Inc.": 11.363636363636363,
        "Network Solutions, LLC": 2.272727272727273,
        "OnlineNIC, Inc.": 2.272727272727273,
        "PDR Ltd. d/b/a PublicDomainRegistry.com": 4.545454545454546,
        "PT Awan Kilat Semesta": 2.272727272727273,
        "PT Registrasi Nama Domain": 4.545454545454546,
        "ResellerCamp": 2.272727272727273,
        "Web Commerce Communications Limited dba WebNic.cc": 4.545454545454546,
        "Wild West Domains, LLC": 2.272727272727273,
        "total": 99.99999999999997
    }
}