{
    "counter": {
        "CBN Registrar": 2,
        "CV. JOGJACAMP": 6,
        "CV. Rumahweb Indonesia": 8,
        "CloudFlare, Inc.": 2,
        "Digital Registra": 15,
        "Domain.com, LLC": 1,
        "DropCatch.com 532 LLC": 1,
        "EPAG Domainservices GmbH": 1,
        "GMO Internet, Inc. d/b/a Onamae.com": 1,
        "Gandi SAS": 1,
        "GoDaddy.com, LLC": 11,
        "Hostinger, UAB": 6,
        "INDOREG": 1,
        "Jagat Informasi Solusi (int)": 1,
        "Kementerian Komunikasi dan Informatika": 1,
        "Kilat Domain": 2,
        "NameCheap, Inc.": 3,
        "NameSilo, LLC": 2,
        "Network Solutions, LLC": 1,
        "PDR Ltd. d/b/a PublicDomainRegistry.com": 8,
        "PT Aksara Data Digital": 1,
        "PT Awan Kilat Semesta": 2,
        "PT Registrasi Nama Domain": 8,
        "PT. Web Commerce Communications": 1,
        "Register.com, Inc.": 1,
        "ResellerCamp": 3,
        "TLD Registrar Solutions Ltd.": 1,
        "Tucows Domains Inc.": 4,
        "Web Commerce Communications Limited dba WebNic.cc": 7,
        "easyDNS Technologies Inc.": 1,
        "total": 103
    },
    "percentage": {
        "CBN Registrar": 1.941747572815534,
        "CV. JOGJACAMP": 5.825242718446602,
        "CV. Rumahweb Indonesia": 7.766990291262136,
        "CloudFlare, Inc.": 1.941747572815534,
        "Digital Registra": 14.563106796116505,
        "Domain.com, LLC": 0.970873786407767,
        "DropCatch.com 532 LLC": 0.970873786407767,
        "EPAG Domainservices GmbH": 0.970873786407767,
        "GMO Internet, Inc. d/b/a Onamae.com": 0.970873786407767,
        "Gandi SAS": 0.970873786407767,
        "GoDaddy.com, LLC": 10.679611650485437,
        "Hostinger, UAB": 5.825242718446602,
        "INDOREG": 0.970873786407767,
        "Jagat Informasi Solusi (int)": 0.970873786407767,
        "Kementerian Komunikasi dan Informatika": 0.970873786407767,
        "Kilat Domain": 1.941747572815534,
        "NameCheap, Inc.": 2.912621359223301,
        "NameSilo, LLC": 1.941747572815534,
        "Network Solutions, LLC": 0.970873786407767,
        "PDR Ltd. d/b/a PublicDomainRegistry.com": 7.766990291262136,
        "PT Aksara Data Digital": 0.970873786407767,
        "PT Awan Kilat Semesta": 1.941747572815534,
        "PT Registrasi Nama Domain": 7.766990291262136,
        "PT. Web Commerce Communications": 0.970873786407767,
        "Register.com, Inc.": 0.970873786407767,
        "ResellerCamp": 2.912621359223301,
        "TLD Registrar Solutions Ltd.": 0.970873786407767,
        "Tucows Domains Inc.": 3.883495145631068,
        "Web Commerce Communications Limited dba WebNic.cc": 6.796116504854369,
        "easyDNS Technologies Inc.": 0.970873786407767,
        "total": 99.99999999999997
    }
}